{"cameraMode":{"drawMode":0,"name":"Shaded","section":"Shading Mode"},"sceneLighting":true,"audioPlay":false,"sceneViewState":{"showFog":true,"showMaterialUpdate":false,"showSkybox":true,"showFlares":true,"showImageEffects":true,"showParticleSystems":true},"in2DMode":false,"pivot":{"x":-2.348088264465332,"y":0.25964415073394778,"z":-7.831727981567383},"rotation":{"x":0.01753339357674122,"y":-0.13249137997627259,"z":-0.00234402297064662,"w":-0.9910264015197754},"size":2.5139901638031008,"orthographic":false}